sample,Mapped_ratio,TCID50
COVID13,0.00002115,1.072308954
COVID01,0.00001512,1.760040636
COVID03,0.00004816,5.363007108
COVID07,0.00004017,1.768934076
COVID13,0.00007345,3.528752647
COVID01,0.00002664,1.365134012
COVID13,0.00004693,2.530562273
COVID10,0.00008432,4.286149569
COVID05,0.00012678,4.133388928