sample,host_ratio,micro_ratio,Sequecing
BALF01,0.950888151,0.0491,Uncalled
BALF02,0.969720683,0.0303,Uncalled
BALF03,0.974224141,0.0258,Uncalled
BALF04,0.975727817,0.0243,Uncalled
BALF01,0.904054834,0.0959,Readfish
BALF02,0.93883445,0.0612,Readfish
BALF03,0.943640297,0.0564,Readfish
BALF04,0.939401999,0.0606,Readfish
BALF01,0.9101,0.0899,mtTGS
BALF02,0.9578,0.0422,mtTGS
BALF03,0.9501,0.0499,mtTGS
BALF04,0.9409,0.0591,mtTGS